{
  "ents_f": 86.4011180992,
  "ents_p": 86.4276926518,
  "ents_per_type": {
    "CARDINAL": {
      "f": 85.827030582,
      "p": 83.8688946015,
      "r": 87.8787878788
    },
    "DATE": {
      "f": 85.6500691563,
      "p": 84.974271012,
      "r": 86.3367026839
    },
    "EVENT": {
      "f": 45.2488687783,
      "p": 58.1395348837,
      "r": 37.037037037
    },
    "FAC": {
      "f": 50.0,
      "p": 47.2527472527,
      "r": 53.0864197531
    },
    "GPE": {
      "f": 92.0075519194,
      "p": 92.9434202161,
      "r": 91.0903426791
    },
    "LANGUAGE": {
      "f": 66.6666666667,
      "p": 73.6842105263,
      "r": 60.8695652174
    },
    "LAW": {
      "f": 55.0458715596,
      "p": 61.2244897959,
      "r": 50.0
    },
    "LOC": {
      "f": 70.8074534161,
      "p": 73.3905579399,
      "r": 68.4
    },
    "MONEY": {
      "f": 91.8886198547,
      "p": 92.5609756098,
      "r": 91.2259615385
    },
    "NORP": {
      "f": 90.8930150309,
      "p": 90.3339191564,
      "r": 91.4590747331
    },
    "ORDINAL": {
      "f": 82.3747680891,
      "p": 80.1444043321,
      "r": 84.7328244275
    },
    "ORG": {
      "f": 84.6355967363,
      "p": 84.5070422535,
      "r": 84.7645429363
    },
    "PERCENT": {
      "f": 89.3141945774,
      "p": 91.2052117264,
      "r": 87.5
    },
    "PERSON": {
      "f": 91.4816922785,
      "p": 88.7375782113,
      "r": 94.4009397024
    },
    "PRODUCT": {
      "f": 34.693877551,
      "p": 56.043956044,
      "r": 25.1231527094
    },
    "QUANTITY": {
      "f": 74.0740740741,
      "p": 79.7101449275,
      "r": 69.1823899371
    },
    "TIME": {
      "f": 72.523364486,
      "p": 71.0622710623,
      "r": 74.0458015267
    },
    "WORK_OF_ART": {
      "f": 39.6551724138,
      "p": 46.9387755102,
      "r": 34.328358209
    }
  },
  "ents_r": 86.3745598838,
  "las": 90.2824918166,
  "las_per_type": {
    "acl": {
      "f": 74.1585535466,
      "p": 75.6526674234,
      "r": 72.7223131478
    },
    "acomp": {
      "f": 91.1323328786,
      "p": 91.4650844363,
      "r": 90.8019936565
    },
    "advcl": {
      "f": 68.5044441582,
      "p": 70.1213080169,
      "r": 66.9604633594
    },
    "advmod": {
      "f": 85.7926494789,
      "p": 86.0723054779,
      "r": 85.5148048452
    },
    "agent": {
      "f": 92.375109553,
      "p": 90.3945111492,
      "r": 94.4444444444
    },
    "amod": {
      "f": 91.5835452116,
      "p": 92.1603358919,
      "r": 91.0139293813
    },
    "appos": {
      "f": 67.5187307184,
      "p": 68.6072548142,
      "r": 66.464208243
    },
    "attr": {
      "f": 92.3714759536,
      "p": 91.0874897792,
      "r": 93.6921783011
    },
    "aux": {
      "f": 98.273714184,
      "p": 98.2387475538,
      "r": 98.3087057148
    },
    "auxpass": {
      "f": 96.1590600994,
      "p": 95.3832362169,
      "r": 96.9476082005
    },
    "case": {
      "f": 98.5550572995,
      "p": 98.1150793651,
      "r": 98.998998999
    },
    "cc": {
      "f": 84.3432826857,
      "p": 84.7146821088,
      "r": 83.975125568
    },
    "ccomp": {
      "f": 82.5276587262,
      "p": 80.8120242046,
      "r": 84.3177189409
    },
    "compound": {
      "f": 91.9500788665,
      "p": 91.38111215,
      "r": 92.5261750947
    },
    "conj": {
      "f": 78.7867346297,
      "p": 78.7817769947,
      "r": 78.7916928886
    },
    "csubj": {
      "f": 72.1407624633,
      "p": 71.511627907,
      "r": 72.7810650888
    },
    "csubjpass": {
      "f": 66.6666666667,
      "p": 55.5555555556,
      "r": 83.3333333333
    },
    "dative": {
      "f": 74.9397590361,
      "p": 78.9340101523,
      "r": 71.3302752294
    },
    "dep": {
      "f": 23.7556561086,
      "p": 39.1791044776,
      "r": 17.0454545455
    },
    "det": {
      "f": 97.8824872114,
      "p": 97.8565607172,
      "r": 97.9084274473
    },
    "dobj": {
      "f": 93.9579788707,
      "p": 93.3265209873,
      "r": 94.5980399968
    },
    "expl": {
      "f": 99.2529348986,
      "p": 98.9361702128,
      "r": 99.5717344754
    },
    "intj": {
      "f": 65.1181102362,
      "p": 70.3829787234,
      "r": 60.5860805861
    },
    "mark": {
      "f": 91.6260055387,
      "p": 91.2050406931,
      "r": 92.0508744038
    },
    "meta": {
      "f": 28.3582089552,
      "p": 23.1707317073,
      "r": 36.5384615385
    },
    "neg": {
      "f": 94.7210407806,
      "p": 94.4610778443,
      "r": 94.9824385349
    },
    "nmod": {
      "f": 66.6892578787,
      "p": 75.1145038168,
      "r": 59.9634369287
    },
    "npadvmod": {
      "f": 75.4828030164,
      "p": 78.2608695652,
      "r": 72.8952042629
    },
    "nsubj": {
      "f": 95.6169510182,
      "p": 96.1099309612,
      "r": 95.1290025844
    },
    "nsubjpass": {
      "f": 92.6440329218,
      "p": 92.9308565531,
      "r": 92.358974359
    },
    "nummod": {
      "f": 91.262639357,
      "p": 93.7666489078,
      "r": 88.8888888889
    },
    "oprd": {
      "f": 78.7401574803,
      "p": 83.3333333333,
      "r": 74.6268656716
    },
    "parataxis": {
      "f": 53.875476493,
      "p": 65.0306748466,
      "r": 45.9869848156
    },
    "pcomp": {
      "f": 89.0391459075,
      "p": 90.520984081,
      "r": 87.6050420168
    },
    "pobj": {
      "f": 96.5980269339,
      "p": 96.3114754098,
      "r": 96.886288676
    },
    "poss": {
      "f": 97.5291281639,
      "p": 97.3336006415,
      "r": 97.7254428341
    },
    "preconj": {
      "f": 56.3218390805,
      "p": 55.6818181818,
      "r": 56.976744186
    },
    "predet": {
      "f": 86.012526096,
      "p": 83.7398373984,
      "r": 88.4120171674
    },
    "prep": {
      "f": 86.656456218,
      "p": 86.3739163211,
      "r": 86.9408506279
    },
    "prt": {
      "f": 84.5486111111,
      "p": 81.9865319865,
      "r": 87.2759856631
    },
    "quantmod": {
      "f": 81.1200678829,
      "p": 84.9023090586,
      "r": 77.6604386677
    },
    "relcl": {
      "f": 78.7824848701,
      "p": 77.3776223776,
      "r": 80.2393038434
    },
    "root": {
      "f": 90.4698336209,
      "p": 89.3440514469,
      "r": 91.6243487437
    },
    "xcomp": {
      "f": 89.8222940226,
      "p": 89.8384201077,
      "r": 89.8061737258
    }
  },
  "tags_acc": 97.2217880521,
  "token_acc": 99.756964111,
  "uas": 92.0872303261
}